{
    "name": "root",
    "metadata": {
        "timer_format_version": "0.1.0",
        "start_time_seconds": "1713207166",
        "python_version": "3.10.11 (tags/v3.10.11:7d4cc5a, Apr  5 2023, 00:38:17) [MSC v.1929 64 bit (AMD64)]",
        "command_line_arguments": "D:\\Programs\\UnityProject\\totalwar-sitmulator-with-leadership\\.venv\\Scripts\\mlagents-learn --force --run-id=base-test1",
        "mlagents_version": "1.1.0.dev0",
        "mlagents_envs_version": "1.1.0.dev0",
        "communication_protocol_version": "1.5.0",
        "pytorch_version": "2.2.2+cu121",
        "numpy_version": "1.23.5",
        "end_time_seconds": "1713207205"
    },
    "total": 39.255609900006675,
    "count": 1,
    "self": 10.005683900002623,
    "children": {
        "run_training.setup": {
            "total": 0.10031429999799002,
            "count": 1,
            "self": 0.10031429999799002
        },
        "TrainerController.start_learning": {
            "total": 29.149611700006062,
            "count": 1,
            "self": 0.006815899992943741,
            "children": {
                "TrainerController._reset_env": {
                    "total": 9.010850300008315,
                    "count": 1,
                    "self": 9.010850300008315
                },
                "TrainerController.advance": {
                    "total": 20.010081500018714,
                    "count": 322,
                    "self": 0.006315200007520616,
                    "children": {
                        "env_step": {
                            "total": 19.961680400025216,
                            "count": 322,
                            "self": 18.994786500101327,
                            "children": {
                                "SubprocessEnvManager._take_step": {
                                    "total": 0.9626226999826031,
                                    "count": 322,
                                    "self": 0.019125899867503904,
                                    "children": {
                                        "TorchPolicy.evaluate": {
                                            "total": 0.9434968001150992,
                                            "count": 322,
                                            "self": 0.9434968001150992
                                        }
                                    }
                                },
                                "workers": {
                                    "total": 0.004271199941285886,
                                    "count": 321,
                                    "self": 0.0,
                                    "children": {
                                        "worker_root": {
                                            "total": 18.47089780011447,
                                            "count": 321,
                                            "is_parallel": true,
                                            "self": 2.4622925000148825,
                                            "children": {
                                                "steps_from_proto": {
                                                    "total": 0.0002586999908089638,
                                                    "count": 1,
                                                    "is_parallel": true,
                                                    "self": 9.379998664371669e-05,
                                                    "children": {
                                                        "_process_rank_one_or_two_observation": {
                                                            "total": 0.00016490000416524708,
                                                            "count": 2,
                                                            "is_parallel": true,
                                                            "self": 0.00016490000416524708
                                                        }
                                                    }
                                                },
                                                "UnityEnvironment.step": {
                                                    "total": 16.00834660010878,
                                                    "count": 321,
                                                    "is_parallel": true,
                                                    "self": 0.031296300221583806,
                                                    "children": {
                                                        "UnityEnvironment._generate_step_input": {
                                                            "total": 0.02440970001043752,
                                                            "count": 321,
                                                            "is_parallel": true,
                                                            "self": 0.02440970001043752
                                                        },
                                                        "communicator.exchange": {
                                                            "total": 15.880465599926538,
                                                            "count": 321,
                                                            "is_parallel": true,
                                                            "self": 15.880465599926538
                                                        },
                                                        "steps_from_proto": {
                                                            "total": 0.07217499995022081,
                                                            "count": 321,
                                                            "is_parallel": true,
                                                            "self": 0.028936200018506497,
                                                            "children": {
                                                                "_process_rank_one_or_two_observation": {
                                                                    "total": 0.04323879993171431,
                                                                    "count": 642,
                                                                    "is_parallel": true,
                                                                    "self": 0.04323879993171431
                                                                }
                                                            }
                                                        }
                                                    }
                                                }
                                            }
                                        }
                                    }
                                }
                            }
                        },
                        "trainer_advance": {
                            "total": 0.04208589998597745,
                            "count": 321,
                            "self": 0.0072679000440984964,
                            "children": {
                                "process_trajectory": {
                                    "total": 0.03481799994187895,
                                    "count": 321,
                                    "self": 0.03481799994187895
                                }
                            }
                        }
                    }
                },
                "trainer_threads": {
                    "total": 1.0999938240274787e-06,
                    "count": 1,
                    "self": 1.0999938240274787e-06
                },
                "TrainerController._save_models": {
                    "total": 0.12186289999226574,
                    "count": 1,
                    "self": 0.014274399989517406,