{"count":1,"self":107.95719679999999,"total":112.42465229999999,"children":{"InitializeActuators":{"count":1,"self":0.0062610999999999995,"total":0.0062610999999999995,"children":null},"InitializeSensors":{"count":1,"self":0.00156,"total":0.00156,"children":null},"AgentSendState":{"count":6284,"self":0.017004699999999998,"total":0.161071,"children":{"CollectObservations":{"count":629,"self":0.10406349999999999,"total":0.10406349999999999,"children":null},"WriteActionMask":{"count":629,"self":0.00052319999999999992,"total":0.00052319999999999992,"children":null},"RequestDecision":{"count":629,"self":0.0093834,"total":0.0394796,"children":{"AgentInfo.ToProto":{"count":629,"self":0.0015919999999999999,"total":0.0300962,"children":{"GenerateSensorData":{"count":629,"self":0.0285042,"total":0.0285042,"children":null}}}}}}},"DecideAction":{"count":6284,"self":4.111706,"total":4.1117061,"children":null},"AgentAct":{"count":6284,"self":0.1868611,"total":0.1868611,"children":null}},"gauges":{},"metadata":{"timer_format_version":"0.1.0","start_time_seconds":"1714547001","unity_version":"2023.2.16f1","command_line_arguments":"W:\\2023.2.16f1\\Editor\\Unity.exe -projectpath W:\\totalwar-sitmulator-with-leadership -useHub -hubIPC -cloudEnvironment production -licensingIpc LicenseClient-Ryan -hubSessionId 2816a1be-7d41-4620-9e12-3812ef863196 -accessToken Uts0bpDVKqOIP5X_YBbzxrW4QBvA-pSf8hPOzaQICBk002f","communication_protocol_version":"1.5.0","com.unity.ml-agents_version":"2.0.1","scene_name":"AIDevelopment","end_time_seconds":"1714547114"}}