{"count":1,"self":37.0041024,"total":45.2882688,"children":{"InitializeActuators":{"count":1,"self":0.0016887999999999998,"total":0.0016887999999999998,"children":null},"InitializeSensors":{"count":1,"self":0.0025123999999999997,"total":0.0025123999999999997,"children":null},"AgentSendState":{"count":7584,"self":0.10629129999999999,"total":0.566646,"children":{"CollectObservations":{"count":759,"self":0.017254699999999998,"total":0.017254699999999998,"children":null},"WriteActionMask":{"count":759,"self":0.0040441,"total":0.0040441,"children":null},"RequestDecision":{"count":759,"self":0.0280704,"total":0.4390559,"children":{"AgentInfo.ToProto":{"count":759,"self":0.021726799999999998,"total":0.4109855,"children":{"GenerateSensorData":{"count":759,"self":0.38925869999999996,"total":0.38925869999999996,"children":null}}}}}}},"DecideAction":{"count":7584,"self":5.7256028,"total":5.7256028,"children":null},"AgentAct":{"count":7584,"self":1.9872083999999999,"total":1.9872083999999999,"children":null}},"gauges":{},"metadata":{"timer_format_version":"0.1.0","start_time_seconds":"1714004180","unity_version":"2019.4.40f1","command_line_arguments":"D:\\Programs\\UnityEngine\\2019.4.40f1\\Editor\\Unity.exe -projectpath D:\\Programs\\UnityProject\\totalwar-sitmulator-with-leadership -useHub -hubIPC -cloudEnvironment production -licensingIpc LicenseClient-tLbHPyIQRa6G4ngiJO7xy -hubSessionId 40ec8c01-cd8e-4188-b9f6-066092f7556c -accessToken Ve81uMtcFpZ6qp04jORjVFTIk56F8WPIPcadV0vmdRc002f","communication_protocol_version":"1.5.0","com.unity.ml-agents_version":"2.0.1","scene_name":"AIDevelopment","end_time_seconds":"1714004225"}}