{"count":1,"self":723.3967616,"total":1200.3153952,"children":{"InitializeActuators":{"count":30,"self":0.0010328,"total":0.0010328,"children":null},"InitializeSensors":{"count":30,"self":0.0025258999999999998,"total":0.0025258999999999998,"children":null},"AgentSendState":{"count":1403302,"self":1.4177847,"total":125.5899546,"children":{"CollectObservations":{"count":70166,"self":120.458304,"total":120.4583023,"children":null},"WriteActionMask":{"count":70166,"self":0.0649817,"total":0.0649817,"children":null},"RequestDecision":{"count":70166,"self":0.2480615,"total":3.6488859,"children":{"AgentInfo.ToProto":{"count":70166,"self":0.2678869,"total":3.4008244,"children":{"GenerateSensorData":{"count":70166,"self":3.1329376,"total":3.1329374999999997,"children":null}}}}}}},"DecideAction":{"count":1403302,"self":306.50268159999996,"total":306.5026933,"children":null},"AgentAct":{"count":1403302,"self":44.8194272,"total":44.819428099999996,"children":null},"AgentInfo.ToProto":{"count":29,"self":0,"total":0.0029977999999999997,"children":{"GenerateSensorData":{"count":29,"self":0.0029977999999999997,"total":0.0029977999999999997,"children":null}}}},"gauges":{},"metadata":{"timer_format_version":"0.1.0","start_time_seconds":"1715116486","unity_version":"2023.2.16f1","command_line_arguments":"W:\\2023.2.16f1\\Editor\\Unity.exe -projectpath W:\\totalwar-sitmulator-with-leadership -useHub -hubIPC -cloudEnvironment production -licensingIpc LicenseClient-Ryan -hubSessionId 915373e5-de77-489c-8d47-92dae48ba8b9 -accessToken Kh97RxJ5Rt0Lv-SkqIaFYOh-utp7ejCuGEg9FMoLKJ8002f","communication_protocol_version":"1.5.0","com.unity.ml-agents_version":"2.0.1","scene_name":"AIDevelopment","end_time_seconds":"1715117687"}}