{"count":1,"self":3615.2557567999997,"total":3635.6577973999997,"children":{"InitializeActuators":{"count":15,"self":0.00155,"total":0.00155,"children":null},"InitializeSensors":{"count":15,"self":0.0020621999999999997,"total":0.0020621999999999997,"children":null},"AgentSendState":{"count":203944,"self":0.2692426,"total":8.7899725,"children":{"CollectObservations":{"count":20394,"self":8.4542583999999987,"total":8.4542580999999988,"children":null},"WriteActionMask":{"count":20394,"self":0.012701899999999999,"total":0.012701899999999999,"children":null},"RequestDecision":{"count":20394,"self":0.053769899999999995,"total":0.053769899999999995,"children":null}}},"DecideAction":{"count":203944,"self":11.2347176,"total":11.2347173,"children":null},"AgentAct":{"count":203944,"self":0.3735864,"total":0.3735864,"children":null}},"gauges":{},"metadata":{"timer_format_version":"0.1.0","start_time_seconds":"1715490087","unity_version":"2023.2.16f1","command_line_arguments":"W:\\2023.2.16f1\\Editor\\Unity.exe -projectpath W:\\totalwar-sitmulator-with-leadership -useHub -hubIPC -cloudEnvironment production","communication_protocol_version":"1.5.0","com.unity.ml-agents_version":"3.0.0-exp.1","scene_name":"AIDevelopment","end_time_seconds":"1715493722"}}